Region,Position,AA,mutations,count,,,
,5,L,F,36,,,
,6,V,F,1,,,
,9,P,S,2,,,
,9,P,L,2,,,
,11,V,A,1,,,
,12,S,F,6,,,
,14,Q,H,1,,,
NTD,18,L,F,12,,,
NTD,19,T,I,2,,,
NTD,20,T,I,1,,,
NTD,21,R,I,6,,,
NTD,21,R,K,1,,,
NTD,21,R,T,3,,,
NTD,22,T,I,6,,,
NTD,26,P,S,17,,,
NTD,27,A,S,2,,,
NTD,27,A,T,1,,,
NTD,27,A,V,1,,,
NTD,29,T,I,5,,,
NTD,49,H,Y,142,,,
NTD,51,T,A,1,,,
NTD,54,L,F,11,,,
NTD,64,W,C,1,,,
NTD,69,H,Y,8,,,
NTD,70,V,I,1,,,
NTD,70,V,F,1,,,
NTD,71,S,F,1,,,
NTD,74,N,K,1,,,
NTD,75,G,R,1,,,
NTD,77,K,N,1,,,
NTD,88,D,N,1,,,
NTD,91,Y,F,1,,,
NTD,95,T,I,11,,,
NTD,97,K,R,1,,,
NTD,98,S,F,3,,,
NTD,100,I,T,2,,,
NTD,119,I,T,1,,,
NTD,123,A,V,1,,,
NTD,127,V,F,1,,,
NTD,127,V,A,4,,,
NTD,138,D,Y,2,,,
NTD,141,L,F,1,,,
NTD,142,G,S,2,,,
NTD,144,Y,C,1,,,
NTD,145,Y,H,2,,,
NTD,146,H,Y,3,,,
NTD,151,S,N,1,,,
NTD,151,S,I,2,,,
NTD,152,W,L,2,,,
NTD,153,M,I,1,,,
NTD,153,M,I,1,,,
NTD,154,E,K,1,,,
NTD,156,E,Q,2,,,
NTD,159,V,I,1,,,
NTD,179,L,F,1,,,
NTD,181,G,V,1,,,
NTD,182,K,R,1,,,
NTD,191,E,D,1,,,
NTD,193,V,L,1,,,
NTD,196,N,K,1,,,
NTD,205,S,A,1,,,
NTD,215,D,Y,1,,,
NTD,215,D,G,2,,,
NTD,218,Q,E,1,,,
NTD,222,A,V,1,,,
NTD,227,V,I,2,,,
NTD,227,V,A,1,,,
NTD,228,D,H,2,,,
NTD,228,D,G,1,,,
NTD,228,D,E,2,,,
NTD,229,L,W,1,,,
NTD,230,P,T,1,,,
NTD,231,I,V,1,,,
NTD,231,I,T,1,,,
NTD,233,I,V,1,,,
NTD,233,I,T,1,,,
NTD,234,N,D,1,,,
NTD,235,I,T,1,,,
NTD,240,T,I,5,,,
NTD,242,L,F,1,,,
NTD,245,H,Y,2,,,
NTD,248,Y,H,3,,,
NTD,250,T,I,5,,,
NTD,251,P,S,2,,,
NTD,253,D,G,2,,,
NTD,253,D,A,1,,,
NTD,254,S,F,3,,,
NTD,256,S,L,1,,,
NTD,258,W,L,1,,,
NTD,261,G,V,3,,,
NTD,262,A,S,4,,,
NTD,263,A,V,1,,,
NTD,274,T,A,1,,,
NTD,279,Y,F,1,,,
NTD,282,N,K,1,,,
NTD,288,A,V,1,,,
NTD,290,D,Y,1,,,
,308,V,L,3,,,
,309,E,Q,1,,,
,324,E,Q,1,,,
,324,E,V,1,,,
,325,S,P,1,,,
,325,S,F,1,,,
RBD,330,P,S,2,,,
RBD,338,F,L,1,,,
RBD,349,S,F,1,,,
RBD,352,A,S,7,,,
RBD,367,V,F,1,,,
RBD,371,S,P,3,,,
RBD,373,S,P,1,,,
RBD,384,P,S,1,,,
RBD,385,T,I,3,,,
RBD,408,R,T,1,,,
RBD,411,A,S,1,,,
RBD,419,A,V,1,,,
RBD,445,V,F,1,,,
RBD,446,G,V,2,,,
RBD,456,F,L,1,,,
RBD,480,C,F,1,,,
RBD,484,E,Q,1,,,
RBD,495,Y,S,1,,,
RBD,517,L,F,1,,,
RBD,520,A,S,7,,,
RBD,520,A,V,1,,,
RBD,522,A,V,2,,,
RBD,528,K,R,2,,,
,529,K,N,1,,,
,536,N,K,1,,,
,547,T,K,2,,,
,547,T,I,1,,,
,554,E,V,2,,,
,554,E,D,35,,,
,570,A,S,3,,,
,572,T,I,10,,,
,574,D,Y,1,,,
,577,R,L,1,,,
,583,E,D,6,,,
,584,I,V,1,,,
,585,L,F,8,,,
,596,S,N,1,,,
,604,T,I,2,,,
,606,N,K,2,,,
,614,D,G,4895,,,
,622,V,F,2,,,
,622,V,L,2,,,
,625,H,Y,1,,,
,626,A,V,1,,,
,628,Q,E,7,,,
,631,P,S,1,,,
,632,T,I,1,,,
,640,S,F,43,,,
,642,V,F,1,,,
,647,A,V,1,,,
,658,N,K,4,,,
,668,A,S,1,,,
,675,Q,R,14,,,
,675,Q,H,1,,,
,675,Q,H,4,,,
,676,T,I,3,,,
,677,Q,H,2,,,
,678,T,I,1,,,
,688,A,S,4,,,
,688,A,V,16,,,
,698,S,L,1,,,
,701,A,V,21,,,
,703,N,S,1,,,
,706,A,V,1,,,
,708,S,P,1,,,
,716,T,I,1,,,
,719,T,I,1,,,
,728,P,L,1,,,
,731,M,I,4,,,
,746,S,P,1,,,
,747,T,I,1,,,
,748,E,K,1,,,
,757,G,V,1,,,
,765,R,L,1,,,
,769,G,V,3,,,
,771,A,S,8,,,
,772,V,A,1,,,
,778,T,I,1,,,
,780,E,Q,1,,,
,792,P,S,1,,,
,796,D,Y,2,,,
,798,G,V,1,,,
,809,P,S,2,,,
,809,P,L,1,,,
,812,P,L,1,,,
,814,K,R,1,,,
FP,818,I,V,5,,,
FP,822,L,F,97,,,
FP,827,T,S,4,,,
,839,D,Y,2,,,
,843,D,N,2,,,
,845,A,S,5,,,
,846,A,V,1,,,
,856,N,S,7,,,
,859,T,I,5,,,
,860,V,A,1,,,
,870,I,V,3,,,
,876,A,S,1,,,
,879,A,S,31,,,
,879,A,V,1,,,
,884,S,A,11,,,
,892,A,V,1,,,
,893,A,V,1,,,
,902,M,I,1,,,
HR1,909,I,V,2,,,
HR1,918,E,Q,1,,,
HR1,922,L,F,2,,,
HR1,929,S,I,1,,,
HR1,932,G,C,1,,,
HR1,932,G,V,1,,,
HR1,936,D,N,3,,,
HR1,936,D,H,1,,,
HR1,936,D,Y,4,,,
HR1,938,L,F,3,,,
HR1,939,S,F,4,,,
HR1,940,S,A,5,,,
HR1,943,S,G,6,,,
HR1,967,S,R,2,,,
HR1,982,S,L,1,,,
CH,1006,T,I,1,,,
CH,1009,T,S,1,,,
CH,1020,A,V,1,,,
CH,1026,A,S,2,,,
CH,1027,T,I,5,,,
CH,1029,M,I,1,,,
,1050,M,L,1,,,
,1050,M,V,2,,,
,1050,M,I,2,,,
,1052,F,L,167,,,
,1070,A,S,,,,
CD,1078,A,S,5,,,
CD,1084,D,Y,30,,,
CD,1091,R,L,1,,,
CD,1102,W,L,1,,,
CD,1104,V,L,1,,,
CD,1111,E,Q,2,,,
CD,1112,P,L,4,,,
CD,1117,T,I,1,,,
CD,1121,F,L,2,,,
CD,1124,G,V,3,,,
CD,1133,V,F,1,,,
CD,1139,D,Y,1,,,
,1142,Q,K,1,,,
,1146,D,Y,4,,,
,1146,D,H,13,,,
,1153,D,Y,11,,,
,1157,K,M,1,,,
,1162,P,S,5,,,
,1162,P,L,3,,,
,1163,D,V,2,,,
,1176,V,F,18,,,
,1180,Q,R,1,,,
,1181,K,R,4,,,
,1185,R,H,2,,,
,1187,N,Y,1,,,
,1191,K,N,1,,,
,1192,N,T,1,,,
,1199,D,A,1,,,
,1200,L,F,1,,,
,1201,Q,K,1,,,
,1203,L,F,1,,,
,1207,E,D,1,,,
,1208,Q,H,1,,,
,1219,G,C,4,,,
,1224,L,F,1,,,
,1227,I,V,1,,,
,1228,V,L,2,,,
,1229,M,I,1,,,
,1229,M,I,2,,,
,1230,V,M,1,,,
,1235,C,F,4,,,
,1237,M,I,2,,,
,1241,C,F,1,,,
,1242,S,I,4,,,
,1245,K,N,1,,,
,1247,C,G,1,,,
,1247,C,F,4,,,
,1248,C,F,2,,,
,1252,S,F,1,,,
,1260,D,Y,2,,,
,1263,P,L,3,,,
,1264,V,L,1,,,
,1268,V,A,1,,,
