Region ,Position,AA,Entropy,Mut 1,Mut 2,Mut 3,Mut 4,Mut 5,Mut 6,Mut 7,Mu 8
,1,M,0.001,,X(7),,,,,,
,2,F,0.001,L(10),X(3),,,,,,
,3,V,0.001,F(1),G(4),I(2),X(24),,,,
,4,F,0,S(2),X(5),,,,,,
,6,V,0.005,F(45),I(1),X(6),,,,,
,7,L,0.001,F(1),I(1),S(3),V(1),X(2),,,
,8,L,0.006,F(6),V(45),W(1),X(2),,,,
,9,P,0.002,L(8),S(8),T(1),X(9),,,,
,10,L,0,I(2),X(6),,,,,,
,11,V,0,F(1),I(2),X(11),,,,,
,22,T,0.009,A(2),I(34),N(39),P(1),X(11),,,
,23,Q,0,K(1),X(6),,,,,,
,24,L,0,I(1),S(2),X(6),,,,,
,25,P,0.002,L(1),S(10),X(23),,,,,
,26,P,0.006,H(1),L(16),R(4),S(22),X(18),,,
NTD,27,A,0.007,S(28),T(7),V(19),X(12),,,,
NTD,28,Y,0.002,D(2),F(1),H(12),X(6),,,,
NTD,29,T,0.01,A(2),I(86),S(1),X(14),,,,
NTD,30,N,0.001,I(1),T(4),X(29),,,,,
NTD,31,S,0,F(2),X(13),,,,,,
NTD,32,F,0.001,I(1),L(5),V(1),X(17),Y(1),,,
NTD,33,T,0.001,I(4),S(1),X(15),,,,,
NTD,34,R,0,C(1),X(20),,,,,,
NTD,35,G,0.001,V(4),X(23),,,,,,
NTD,36,V,0,X(2),,,,,,,
NTD,37,Y,0,X(2),,,,,,,
NTD,38,Y,0,C(1),X(6),,,,,,
NTD,39,P,0,X(1),,,,,,,
NTD,40,D,0,X(3),,,,,,,
NTD,41,K,0,X(2),,,,,,,
NTD,42,V,0,X(1),,,,,,,
NTD,43,F,0,L(1),X(1),,,,,,
NTD,44,R,0,X(2),,,,,,,
NTD,45,S,0,P(1),X(3),,,,,,
NTD,46,S,0.001,A(6),L(2),X(1),,,,,
NTD,47,V,0.001,F(1),I(3),X(2),,,,,
NTD,48,L,0,F(1),X(1),,,,,,
NTD,49,H,0.013,O(1),X(9),Y(123),,,,,
NTD,50,S,0.004,L(31),X(4),,,,,,
NTD,51,T,0.001,I(4),X(3),,,,,,
NTD,52,Q,0.004,H(8),L(21),X(3),,,,,
NTD,53,D,0,X(2),,,,,,,
NTD,54,L,0.023,F(253),X(6),,,,,,
NTD,55,F,0,X(4),,,,,,,
NTD,56,L,0,X(5),,,,,,,
NTD,57,P,0,L(1),S(1),X(6),,,,,
NTD,58,F,0,X(2),,,,,,,
NTD,59,F,0,S(1),X(2),,,,,,
NTD,60,S,0,X(3),,,,,,,
NTD,61,O,0,X(1),,,,,,,
NTD,62,V,0.001,F(1),G(1),I(1),L(4),X(7),,,
NTD,63,T,0,,,,,,,,
NTD,64,W,0.001,G(2),L(4),R(1),X(4),,,,
NTD,65,F,0,X(12),,,,,,,
NTD,66,H,0,X(15),,,,,,,
NTD,67,A,0.003,S(11),V(12),X(18),,,,,
NTD,68,I,0.002,,M(1),R(1),T(2),X(22),,,
NTD,69,H,0.004,,D(2),R(2),X(14),Y(14),,,
NTD,70,V,0.006,,F(37),I(8),X(13),,,,
NTD,71,S,0.003,,F(17),P(1),Y(1),,,,
NTD,72,G,0.002,,E(3),R(3),V(1),W(4),X(4),,
NTD,73,T,0.005,,I(43),X(6),,,,,
NTD,74,O,0.007,,D(5),K(4),N(46),X(1),,,
NTD,75,G,0.005,,A(2),D(5),R(2),S(1),V(22),X(5),
NTD,76,T,0.005,,I(41),X(5),,,,,
NTD,77,K,0.003,M(19),N(7),X(10),,,,,
NTD,78,R,0.003,G(2),K(2),M(20),S(1),X(6),,,
NTD,79,F,0,I(1),X(3),,,,,,
NTD,80,D,0.009,A(15),G(1),N(4),X(7),Y(59),,,
NTD,81,N,0,X(3),Y(1),,,,,,
NTD,82,P,0,H(1),L(1),X(1),,,,,
NTD,83,V,0.001,F(6),X(6),,,,,,
NTD,84,L,0,I(1),Q(1),X(3),,,,,
NTD,85,P,0,X(2),,,,,,,
NTD,86,F,0,S(1),X(62),Y(1),,,,,
NTD,87,N,0,Y(1),,,,,,,
NTD,88,D,0.002,A(1),E(4),H(2),N(1),X(3),Y(2),,
NTD,89,G,0,,,,,,,,
NTD,90,V,0.003,F(17),L(9),X(4),,,,,
NTD,91,Y,0,X(2),,,,,,,
NTD,92,F,0,L(1),,,,,,,
NTD,93,A,0,S(1),V(1),X(1),,,,,
NTD,94,S,0,F(2),X(2),,,,,,
NTD,95,T,0.009,A(7),I(68),N(1),X(15),,,,
NTD,96,E,0.002,A(1),D(14),G(1),X(7),,,,
NTD,97,K,0.002,E(1),N(5),Q(2),R(1),T(7),X(2),,
NTD,98,S,0.008,F(76),P(1),X(4),,,,,
NTD,99,N,0,O(1),X(4),,,,,,
NTD,100,I,0.001,T(7),X(3),,,,,,
NTD,101,I,0,T(1),V(2),X(1),,,,,
NTD,102,R,0.006,G(5),I(40),S(3),X(5),,,,
NTD,103,G,0,A(1),X(2),,,,,,
NTD,104,W,0,X(1),,,,,,,
NTD,105,I,0.001,L(6),V(2),X(51),,,,,
NTD,106,F,0,X(1),,,,,,,
NTD,107,G,0,C(1),,,,,,,
NTD,108,T,0,X(3),,,,,,,
NTD,109,T,0,I(1),S(1),X(8),,,,,
NTD,110,L,0,X(12),,,,,,,
NTD,111,D,0.001,N(11),X(1),,,,,,
NTD,112,S,0,L(1),P(2),X(1),,,,,
NTD,113,K,0,N(1),R(1),X(2),,,,,
NTD,114,T,0,X(4),,,,,,,
NTD,115,Q,0,R(1),X(1),,,,,,
NTD,116,S,0,C(1),X(1),,,,,,
NTD,117,L,0,I(1),,,,,,,
NTD,118,L,0.001,F(5),X(2),,,,,,
NTD,119,I,0.003,V(22),X(1),,,,,,
NTD,120,V,0.001,F(2),I(5),X(5),,,,,
NTD,121,N,0.001,S(1),T(3),X(1),,,,,
NTD,122,O,0,N(2),X(2),,,,,,
NTD,123,A,0,V(3),X(3),,,,,,
NTD,124,T,0,I(1),X(1),,,,,,
NTD,125,N,0,H(1),S(1),X(1),,,,,
NTD,126,V,0,X(3),,,,,,,
NTD,127,V,0.001,A(1),F(5),X(2),,,,,
NTD,128,I,0,F(1),X(1),,,,,,
NTD,129,K,0,N(1),X(5),,,,,,
NTD,130,V,0,A(1),X(5),,,,,,
NTD,131,C,0,F(1),X(5),,,,,,
NTD,132,E,0.001,,A(1),D(1),X(7),,,,
NTD,133,F,0.001,,C(1),S(1),X(5),,,,
NTD,134,Q,0,H(2),X(8),,,,,,
NTD,147,K,0,X(7),,,,,,,
NTD,148,N,0.002,D(4),K(1),S(4),X(4),Y(1),,,
NTD,149,O,0.005,D(4),H(2),N(32),X(4),,,,
NTD,150,K,0,N(2),X(2),,,,,,
NTD,151,S,0.003,G(2),I(21),N(2),X(7),,,,
NTD,152,W,0.003,L(20),R(5),X(8),,,,,
NTD,153,M,0.007,I(42),T(13),V(4),X(8),,,,
NTD,154,E,0.001,G(1),K(2),Q(2),V(1),X(5),,,
NTD,155,S,0.001,I(5),N(1),T(2),X(7),,,,
NTD,156,E,0.001,D(3),G(1),Q(2),V(1),X(7),,,
NTD,157,F,0.002,L(8),S(3),X(23),,,,,
NTD,158,R,0,S(2),X(24),,,,,,
NTD,159,V,0.001,F(1),I(3),X(14),,,,,
NTD,160,Y,0,X(2),,,,,,,
NTD,161,S,0,A(1),T(2),X(4),,,,,
NTD,162,S,0,G(1),I(2),X(4),,,,,
NTD,163,A,0.001,S(1),V(3),X(4),,,,,
NTD,164,N,0,S(1),X(3),,,,,,
NTD,165,O,0.001,H(1),N(6),X(2),,,,,
NTD,166,C,0,,,,,,,,
NTD,167,T,0,X(6),,,,,,,
NTD,168,F,0,S(1),X(1),,,,,,
NTD,169,E,0,X(7),,,,,,,
NTD,170,Y,0,X(1),,,,,,,
NTD,171,V,0,F(3),X(4),,,,,,
NTD,172,S,0,F(2),X(2),,,,,,
NTD,173,Q,0.001,H(2),K(4),X(3),,,,,
NTD,174,P,0,X(7),,,,,,,
NTD,175,F,0,X(4),,,,,,,
NTD,176,L,0.004,F(33),I(2),X(3),,,,,
NTD,177,M,0.005,I(38),K(2),T(1),X(4),,,,
NTD,178,D,0.001,G(2),N(5),X(4),,,,,
NTD,179,L,0.001,F(3),I(1),X(2),,,,,
NTD,180,E,0.001,D(1),G(1),K(2),V(3),X(4),,,
NTD,181,G,0.005,A(9),R(13),V(15),X(16),,,,
NTD,182,K,0.002,E(2),N(1),R(13),X(2),,,,
NTD,183,Q,0.001,H(2),L(1),R(4),X(4),,,,
NTD,184,G,0.001,D(1),S(1),V(4),X(7),,,,
NTD,185,N,0.001,D(3),K(2),S(2),V(1),X(7),Y(1),,
NTD,186,F,0.001,L(1),S(5),V(1),X(50),,,,
NTD,187,K,0,X(10),,,,,,,
NTD,188,N,0.001,D(1),I(1),K(2),O(1),X(4),,,
NTD,189,L,0,F(3),X(2),,,,,,
NTD,190,R,0.001,K(4),M(1),S(1),X(10),,,,
NTD,191,E,0,X(8),,,,,,,
NTD,192,F,0,X(5),,,,,,,
NTD,193,V,0.001,L(6),X(5),,,,,,
NTD,194,F,0,X(4),,,,,,,
NTD,195,K,0,X(4),,,,,,,
NTD,196,N,0,X(3),,,,,,,
NTD,197,I,0.003,S(1),V(22),X(1),,,,,
NTD,198,D,0.001,G(3),X(3),Y(2),,,,,
NTD,199,G,0,X(6),,,,,,,
NTD,200,Y,0,H(2),S(1),X(11),,,,,
NTD,201,F,0,X(6),,,,,,,
NTD,202,K,0,N(1),R(1),X(10),,,,,
NTD,203,I,0.001,L(1),M(4),T(1),X(4),,,,
NTD,204,Y,0,X(3),,,,,,,
NTD,205,S,0,T(1),X(4),,,,,,
NTD,206,K,0,R(1),X(10),,,,,,
NTD,207,H,0,X(12),,,,,,,
NTD,208,T,0,A(1),X(1),,,,,,
NTD,209,P,0,L(1),X(1),,,,,,
NTD,210,I,0.001,,X(3),,,,,,
NTD,211,N,0.001,,D(1),S(1),X(3),Y(2),,,
NTD,212,L,0.001,I(1),S(4),,,,,,
NTD,216,L,0.003,F(23),X(7),,,,,,
NTD,217,P,0.001,L(1),S(1),T(1),X(4),,,,
NTD,218,Q,0.001,E(1),H(1),L(2),R(2),X(3),,,
NTD,219,G,0,D(1),X(6),,,,,,
NTD,220,F,0.003,I(1),L(25),X(2),,,,,
NTD,221,S,0.007,L(59),W(2),X(12),,,,,
NTD,222,A,0.007,P(1),S(4),V(60),X(13),,,,
NTD,223,L,0,X(5),,,,,,,
NTD,224,E,0,G(1),Q(2),X(1),,,,,
NTD,225,P,0,X(2),,,,,,,
NTD,226,L,0,V(2),X(2),,,,,,
NTD,227,V,0.001,A(1),I(2),L(1),,,,,
NTD,228,D,0,H(1),X(3),Y(2),,,,,
NTD,229,L,0.001,F(11),X(2),,,,,,
NTD,230,P,0,X(1),,,,,,,
NTD,231,I,0.001,L(4),T(2),X(2),,,,,
NTD,232,G,0,C(3),X(2),,,,,,
NTD,233,I,0.001,R(1),V(5),X(1),,,,,
NTD,234,O,0.002,N(14),X(4),,,,,,
NTD,235,I,0,X(13),,,,,,,
NTD,236,T,0,S(1),X(16),,,,,,
NTD,237,R,0,K(1),X(13),,,,,,
NTD,238,F,0,X(9),,,,,,,
NTD,239,Q,0.002,H(1),K(11),R(3),X(5),,,,
NTD,240,T,0.002,I(10),P(1),X(8),,,,,
NTD,241,L,0,V(1),X(7),,,,,,
NTD,242,L,0.003,,F(9),P(6),X(8),,,,
NTD,243,A,0.004,,P(1),S(8),V(4),X(18),,,
NTD,244,L,0.003,,F(3),X(11),,,,,
NTD,255,S,0.003,F(21),P(5),X(17),,,,,
NTD,256,S,0.002,L(11),P(3),X(18),,,,,
NTD,257,G,0.002,D(8),R(1),S(5),V(1),X(7),,,
NTD,258,W,0.004,C(3),L(28),R(2),S(2),X(28),,,
NTD,259,T,0,I(1),X(26),,,,,,
NTD,260,A,0.001,S(3),V(3),X(283),,,,,
NTD,261,G,0.008,C(3),D(10),R(13),S(19),V(13),X(210),,
NTD,262,A,0.005,D(1),S(38),T(6),X(176),,,,
NTD,263,A,0.004,S(9),T(22),V(2),X(42),,,,
NTD,264,A,0,S(2),X(16),,,,,,
NTD,265,Y,0,C(1),N(1),X(14),,,,,
NTD,266,Y,0,C(1),X(16),,,,,,
NTD,267,V,0,L(3),X(19),,,,,,
NTD,268,G,0,D(1),X(10),,,,,,
NTD,269,Y,0,X(13),,,,,,,
NTD,270,L,0,X(6),,,,,,,
NTD,271,Q,0.001,R(6),X(30),,,,,,
NTD,272,P,0.001,S(3),T(2),X(2),,,,,
NTD,273,R,0.001,G(1),K(1),M(1),S(2),X(26),,,
NTD,274,T,0,I(2),N(1),X(9),,,,,
NTD,275,F,0,L(1),X(11),Y(1),,,,,
NTD,276,L,0,I(2),P(1),X(10),,,,,
NTD,277,L,0,,X(47),,,,,,
NTD,278,K,0,X(23),,,,,,,
NTD,279,Y,0,N(1),X(24),,,,,,
NTD,280,N,0,X(33),,,,,,,
NTD,281,E,0.007,Q(2),V(56),X(36),,,,,
NTD,282,O,0.003,N(26),X(13),,,,,,
NTD,283,G,0,X(21),,,,,,,
NTD,284,T,0,I(1),X(27),,,,,,
NTD,285,I,0,X(19),,,,,,,
NTD,286,T,0.001,I(4),X(21),,,,,,
NTD,287,D,0,G(2),X(37),,,,,,
NTD,288,A,0.001,S(3),T(2),X(4),,,,,
NTD,289,V,0.003,I(20),L(1),X(10),,,,,
NTD,290,D,0,V(1),X(6),Y(2),,,,,
NTD,291,C,0,X(16),,,,,,,
NTD,292,A,0.001,S(10),X(8),,,,,,
,293,L,0,X(24),,,,,,,
,294,D,0,X(57),,,,,,,
,295,P,0,X(58),,,,,,,
,296,L,0,H(1),X(21),,,,,,
,297,S,0,L(2),T(1),X(25),,,,,
,298,E,0.001,G(1),K(1),Q(1),X(20),,,,
,299,T,0.002,A(1),I(18),X(8),,,,,
,300,K,0,N(1),X(10),,,,,,
,301,C,0,F(2),X(23),,,,,,
,302,T,0,A(2),L(1),X(17),,,,,
,303,L,0,F(1),X(12),,,,,,
,304,K,0,N(1),R(1),X(21),,,,,
,305,S,0,X(5),,,,,,,
,306,F,0,L(1),X(17),,,,,,
,307,T,0.006,A(2),I(40),N(1),S(10),X(18),,,
,308,V,0.004,L(35),X(16),,,,,,
,309,E,0.002,A(1),Q(13),X(179),,,,,
,310,K,0,X(14),,,,,,,
,311,G,0,E(1),X(21),,,,,,
,312,I,0,L(1),X(21),,,,,,
,313,Y,0,X(16),,,,,,,
,314,Q,0.002,H(1),K(5),L(3),R(1),X(17),,,
,315,T,0,I(2),X(28),,,,,,
,316,S,0,X(29),,,,,,,
,317,N,0,D(1),X(93),,,,,,
,318,F,0,L(1),S(1),X(277),,,,,
,319,R,0,X(148),,,,,,,
,320,V,0.001,F(1),G(1),I(1),X(338),,,,
,321,Q,0,L(1),X(132),,,,,,
,322,P,0.001,A(5),X(10),,,,,,
,323,T,0.003,I(24),X(8),,,,,,
,324,E,0,N(1),X(4),,,,,,
,325,S,0.001,F(5),Q(1),X(3),,,,,
,326,I,0,V(1),X(4),,,,,,
,327,V,0,F(1),X(3),,,,,,
,328,R,0,X(6),,,,,,,
,329,F,0,X(2),,,,,,,
RBD,330,P,0.003,A(1),L(2),S(23),X(2),,,,
RBD,331,O,0,N(2),,,,,,,
RBD,332,I,0,X(1),,,,,,,
RBD,333,T,0,X(2),,,,,,,
RBD,334,N,0,X(1),,,,,,,
RBD,335,L,0,F(1),X(1),,,,,,
RBD,336,C,0,X(2),,,,,,,
RBD,337,P,0,R(1),S(2),X(5),,,,,
RBD,338,F,0.001,L(4),X(2),,,,,,
RBD,339,G,0,D(3),X(1),,,,,,
RBD,340,E,0,K(3),,,,,,,
RBD,341,V,0.003,I(26),X(7),,,,,,
RBD,342,F,0,,C(1),X(7),,,,,
RBD,343,O,0,X(5),,,,,,,
RBD,344,A,0.005,S(42),T(3),X(4),,,,,
RBD,345,T,0,S(1),,,,,,,
RBD,346,R,0.001,K(2),T(2),X(1),,,,,
RBD,347,F,0,,,,,,,,
RBD,348,A,0.001,S(7),T(2),X(2),,,,,
RBD,349,S,0,F(1),,,,,,,
RBD,350,V,0,X(3),,,,,,,
RBD,351,Y,0,X(1),,,,,,,
RBD,352,A,0.001,S(7),V(1),X(4),,,,,
RBD,353,W,0,R(1),X(8),,,,,,
RBD,354,N,0.001,D(4),K(2),S(4),X(7),,,,
RBD,355,R,0,X(2),,,,,,,
RBD,356,K,0,X(4),,,,,,,
RBD,357,R,0,K(2),X(4),,,,,,
RBD,358,I,0,X(1),,,,,,,
RBD,359,S,0,N(3),,,,,,,
RBD,360,N,0,,,,,,,,
RBD,361,C,0,X(6),,,,,,,
RBD,362,V,0,F(1),X(3),,,,,,
RBD,363,A,0,X(2),,,,,,,
RBD,364,D,0,X(4),Y(1),,,,,,
RBD,365,Y,0,X(2),,,,,,,
RBD,366,S,0,X(2),,,,,,,
RBD,367,V,0.006,F(52),L(2),X(9),,,,,
RBD,368,L,0,P(1),X(3),,,,,,
RBD,369,Y,0,C(1),X(1),,,,,,
RBD,370,N,0.002,O(3),S(14),X(2),,,,,
RBD,371,S,0,P(1),X(2),,,,,,
RBD,372,A,0.001,S(1),T(2),V(1),,,,,
RBD,373,S,0,L(3),X(5),,,,,,
RBD,374,F,0,,,,,,,,
RBD,375,S,0,P(1),X(2),,,,,,
RBD,376,T,0,I(2),X(3),,,,,,
RBD,377,F,0.001,L(7),X(3),,,,,,
RBD,378,K,0,N(2),R(1),X(1),,,,,
RBD,379,C,0,F(1),,,,,,,
RBD,380,Y,0,,,,,,,,
RBD,381,G,0,,,,,,,,
RBD,382,V,0.002,E(1),L(10),X(3),,,,,
RBD,383,S,0,X(4),,,,,,,
RBD,384,P,0.004,L(18),S(10),X(7),,,,,
RBD,385,T,0,A(2),X(1),,,,,,
RBD,386,K,0,X(1),,,,,,,
RBD,387,L,0,X(3),,,,,,,
RBD,388,N,0,T(1),,,,,,,
RBD,389,D,0,X(1),,,,,,,
RBD,390,L,0,H(1),P(1),X(6),,,,,
RBD,391,C,0,,,,,,,,
RBD,392,F,0,X(3),,,,,,,
RBD,393,T,0,P(1),X(5),,,,,,
RBD,394,N,0,X(7),Y(1),,,,,,
RBD,395,V,0,I(2),X(2),,,,,,
RBD,396,Y,0,X(1),,,,,,,
RBD,397,A,0,X(1),,,,,,,
RBD,398,D,0,X(1),,,,,,,
RBD,399,S,0,P(1),X(2),,,,,,
RBD,400,F,0,X(2),,,,,,,
RBD,401,V,0,X(4),,,,,,,
RBD,402,I,0.001,L(1),V(3),X(1),,,,,
RBD,403,R,0.001,K(9),S(1),X(3),,,,,
RBD,404,G,0,A(1),X(5),,,,,,
RBD,405,D,0,X(1),,,,,,,
RBD,406,E,0,Q(1),X(3),,,,,,
RBD,407,V,0,I(1),,,,,,,
RBD,408,R,0.002,I(11),K(2),T(1),X(7),,,,
RBD,409,Q,0,E(1),X(4),,,,,,
RBD,410,I,0,V(2),X(3),,,,,,
RBD,411,A,0.002,D(1),S(11),X(1),,,,,
RBD,412,P,0,X(2),,,,,,,
RBD,413,G,0,E(1),R(1),X(5),,,,,
RBD,414,Q,0.002,,K(5),P(1),R(9),X(18),,,
RBD,415,T,0,P(1),S(1),X(1),,,,,
RBD,416,G,0,X(3),,,,,,,
RBD,417,K,0.001,N(4),R(1),X(1),,,,,
RBD,418,I,0,V(1),X(2),,,,,,
RBD,419,A,0,X(3),,,,,,,
RBD,420,D,0,X(2),,,,,,,
RBD,421,Y,0,X(1),,,,,,,
RBD,422,N,0,X(1),,,,,,,
RBD,423,Y,0,X(1),,,,,,,
RBD,424,K,0,X(1),,,,,,,
RBD,425,L,0,X(6),,,,,,,
RBD,426,P,0,X(6),,,,,,,
RBD,427,D,0,N(1),X(8),Y(2),,,,,
RBD,428,D,0,X(5),,,,,,,
RBD,429,F,0,X(3),,,,,,,
RBD,430,T,0,A(1),,,,,,,
RBD,431,G,0,X(4),,,,,,,
RBD,432,C,0,F(1),X(4),,,,,,
RBD,433,V,0,X(1),,,,,,,
RBD,434,I,0,K(1),,,,,,,
RBD,435,A,0,S(3),X(2),,,,,,
RBD,436,W,0,X(4),,,,,,,
RBD,437,N,0,X(2),,,,,,,
RBM,438,S,0,X(5),,,,,,,
RBM,439,N,0.011,K(111),X(7),,,,,,
RBM,440,N,0,K(2),X(1),,,,,,
RBM,441,L,0,I(1),X(2),,,,,,
RBM,442,D,0,X(2),,,,,,,
RBM,443,S,0,X(1),,,,,,,
RBM,444,K,0.001,N(2),R(5),X(6),,,,,
RBM,445,V,0.001,A(1),F(1),I(1),X(3),,,,
RBM,446,G,0.002,A(1),S(2),V(14),X(33),,,,
RBM,447,G,0,X(11),,,,,,,
RBM,448,N,0,X(60),,,,,,,
RBM,449,Y,0,X(5),,,,,,,
RBM,450,N,0,K(2),X(4),,,,,,
RBM,451,Y,0,X(3),,,,,,,
RBM,452,L,0.002,M(16),R(2),X(3),,,,,
RBM,453,Y,0.005,F(42),X(1),,,,,,
RBM,454,R,0,X(6),,,,,,,
RBM,455,L,0.001,F(10),X(5),,,,,,
RBM,456,F,0,L(2),X(2),,,,,,
RBM,457,R,0,K(1),X(23),,,,,,
RBM,458,K,0,N(1),Q(1),X(4),,,,,
RBM,459,S,0.001,F(1),Y(3),,,,,,
RBM,460,N,0,S(1),T(1),X(3),,,,,
RBM,461,L,0,X(1),,,,,,,
RBM,462,K,0,N(1),X(4),,,,,,
RBM,463,P,0.001,S(8),X(2),,,,,,
RBM,464,F,0,X(3),,,,,,,
RBM,465,E,0,D(1),X(35),,,,,,
RBM,466,R,0,X(1),,,,,,,
RBM,467,D,0,V(1),X(2),,,,,,
RBM,480,C,0,X(2),,,,,,,
RBM,481,N,0,D(1),X(3),,,,,,
RBM,482,G,0.001,S(4),X(3),,,,,,
RBM,483,V,0.006,A(37),F(9),I(3),X(8),,,,
RBM,484,E,0.003,A(1),D(1),K(6),Q(15),X(8),,,
RBM,485,G,0.001,R(8),S(1),X(4),,,,,
RBM,486,F,0.003,L(25),X(2),,,,,,
RBM,487,N,0,X(2),,,,,,,
RBM,488,C,0,X(2),,,,,,,
RBM,489,Y,0,X(2),,,,,,,
RBM,490,F,0.001,L(4),S(6),X(10),,,,,
RBM,491,P,0,R(1),X(9),,,,,,
RBM,492,L,0,X(1),,,,,,,
RBM,493,Q,0.001,L(4),R(1),X(9),,,,,
RBM,494,S,0.002,L(2),P(14),X(7),,,,,
RBM,495,Y,0,X(8),,,,,,,
RBM,496,G,0,X(2),,,,,,,
RBM,497,F,0,X(12),,,,,,,
RBM,498,Q,0,H(1),X(6),,,,,,
RBM,499,P,0.001,H(1),R(1),S(1),X(3),,,,
RBM,500,T,0,X(5),,,,,,,
RBM,501,N,0.004,T(6),X(3),Y(29),,,,,
RBM,502,G,0,X(9),,,,,,,
RBM,503,V,0,F(1),I(1),X(7),,,,,
RBM,504,G,0,X(6),,,,,,,
RBM,505,Y,0,W(1),X(3),,,,,,
RBM,506,Q,0,X(5),,,,,,,
RBD,507,P,0,X(4),,,,,,,
RBD,508,Y,0.001,H(9),X(3),,,,,,
RBD,509,R,0,K(1),X(15),,,,,,
RBD,510,V,0,L(1),X(3),,,,,,
RBD,511,V,0,X(3),,,,,,,
RBD,512,V,0,X(5),,,,,,,
RBD,513,L,0,F(2),X(18),,,,,,
RBD,514,S,0,F(1),X(8),Y(1),,,,,
RBD,515,F,0,X(3),,,,,,,
RBD,516,E,0,Q(2),X(2),,,,,,
RBD,517,L,0,X(6),,,,,,,
RBD,518,L,0,I(3),X(5),,,,,,
RBD,519,H,0,P(1),Q(2),X(14),,,,,
RBD,520,A,0.004,S(28),V(4),X(51),,,,,
RBD,521,P,0.002,L(1),R(7),S(5),X(8),,,,
,522,A,0.005,S(14),V(25),X(42),,,,,
,523,T,0,N(1),X(27),,,,,,
,524,V,0,X(1),,,,,,,
,525,C,0,X(3),,,,,,,
,526,G,0,X(3),,,,,,,
,527,P,0,X(4),,,,,,,
SD1,528,K,0,X(146),,,,,,,
SD1,529,K,0.002,E(1),M(6),O(1),R(2),X(4),,,
SD1,530,S,0,,,,,,,,
SD1,531,T,0,X(1),,,,,,,
SD1,532,N,0,K(1),,,,,,,
SD1,533,L,0,X(1),,,,,,,
SD1,534,V,0,I(1),X(1),,,,,,
SD1,535,K,0,X(1),,,,,,,
SD1,536,N,0,T(1),,,,,,,
SD1,537,K,0,X(1),,,,,,,
SD1,538,C,0,,,,,,,,
SD1,539,V,0,,,,,,,,
SD1,540,N,0,,,,,,,,
SD1,541,F,0,X(1),,,,,,,
SD1,542,N,0,,,,,,,,
SD1,543,F,0,X(1),,,,,,,
SD1,544,N,0,,,,,,,,
SD1,545,G,0,S(1),,,,,,,
SD1,546,L,0,,,,,,,,
SD1,547,T,0.002,I(10),K(3),X(5),,,,,
SD1,548,G,0,,,,,,,,
SD1,549,T,0.001,A(2),I(8),,,,,,
SD1,550,G,0,,,,,,,,
SD1,551,V,0,,,,,,,,
SD1,552,L,0.001,F(4),X(2),,,,,,
SD1,553,T,0.001,I(6),O(1),X(1),,,,,
SD1,554,E,0.003,D(17),G(2),K(1),Q(2),V(1),X(1),,
SD1,555,S,0,X(3),,,,,,,
SD1,556,N,0.001,,K(2),S(1),,,,,
SD1,557,K,0,X(4),,,,,,,
SD1,558,K,0.003,N(16),Q(1),R(3),X(5),,,,
SD1,559,F,0,,,,,,,,
SD1,560,L,0,,,,,,,,
SD1,561,P,0,H(2),L(1),X(3),,,,,
SD1,562,F,0,,,,,,,,
SD1,563,Q,0,X(1),,,,,,,
SD1,564,Q,0,X(1),,,,,,,
SD1,565,F,0.001,L(2),V(2),X(2),,,,,
SD1,566,G,0,S(2),X(2),,,,,,
SD1,567,R,0,K(1),X(1),,,,,,
SD1,568,D,0,,,,,,,,
SD1,569,I,0,X(2),,,,,,,
SD1,570,A,0.004,D(2),S(6),T(1),V(18),X(2),,,
SD1,571,D,0,E(1),X(1),,,,,,
SD1,572,T,0.006,I(56),X(3),,,,,,
SD1,573,T,0.002,I(16),N(1),X(4),,,,,
SD1,574,D,0.004,H(3),X(3),Y(29),,,,,
SD1,575,A,0.001,S(7),X(3),,,,,,
SD1,576,V,0,I(1),X(1),,,,,,
SD1,577,R,0,X(2),,,,,,,
SD1,578,D,0,,,,,,,,
SD1,579,P,0,Q(1),S(1),X(1),,,,,
SD1,580,Q,0,H(2),R(1),,,,,,
SD1,581,T,0,,,,,,,,
SD1,582,L,0,X(1),,,,,,,
SD1,583,E,0.011,D(108),Q(1),X(8),,,,,
SD1,584,I,0,V(1),,,,,,,
SD1,585,L,0.001,F(7),X(2),,,,,,
SD1,586,D,0,E(1),X(3),,,,,,
SD1,587,I,0,,,,,,,,
SD1,588,T,0,S(2),X(1),,,,,,
SD1,589,P,0.001,S(7),X(2),,,,,,
SD1,590,C,0,,,,,,,,
SD2,591,S,0,X(3),,,,,,,
SD2,592,F,0,L(1),X(2),,,,,,
SD2,593,G,0,C(1),,,,,,,
SD2,594,G,0.001,S(4),,,,,,,
SD2,595,V,0,,,,,,,,
SD2,596,S,0,I(2),R(1),X(3),,,,,
SD2,597,V,0,L(1),,,,,,,
SD2,598,I,0,V(1),,,,,,,
SD2,599,T,0,,,,,,,,
SD2,600,P,0,X(2),,,,,,,
SD2,601,G,0,,,,,,,,
SD2,602,T,0,I(1),,,,,,,
SD2,603,O,0.001,H(1),K(1),N(1),S(2),X(1),,,
SD2,604,T,0,I(3),X(3),,,,,,
SD2,605,S,0,X(1),,,,,,,
SD2,606,N,0,,,,,,,,
SD2,607,Q,0,H(1),L(1),X(1),,,,,
SD2,608,V,0,,,,,,,,
SD2,609,A,0,,,,,,,,
SD2,610,V,0,,,,,,,,
SD2,611,L,0.002,F(16),I(1),X(3),,,,,
SD2,612,Y,0,X(1),,,,,,,
SD2,616,O,0.001,N(11),,,,,,,
SD2,617,C,0,X(1),,,,,,,
SD2,618,T,0.002,A(2),I(9),,,,,,
SD2,619,E,0.001,D(1),G(2),Q(1),X(4),,,,
SD2,620,V,0,I(1),X(2),,,,,,
SD2,621,P,0.001,L(2),S(3),X(4),,,,,
SD2,622,V,0.009,,A(2),F(64),I(6),L(7),X(6),,
SD2,623,A,0.003,S(8),V(13),X(4),,,,,
SD2,624,I,0,X(1),,,,,,,
SD2,625,H,0.001,Q(1),R(5),X(3),Y(4),,,,
SD2,626,A,0.004,S(6),V(24),X(3),,,,,
SD2,627,D,0.001,G(2),P(1),Y(1),,,,,
SD2,628,Q,0,X(1),,,,,,,
SD2,629,L,0,V(1),,,,,,,
SD2,630,T,0,A(1),S(1),X(1),,,,,
SD2,631,P,0.002,F(1),L(1),S(16),X(2),,,,
SD2,632,T,0.007,N(62),X(1),,,,,,
SD2,633,W,0,R(1),X(1),,,,,,
SD2,634,R,0,,,,,,,,
SD2,635,V,0,A(1),X(1),,,,,,
SD2,636,Y,0,F(1),,,,,,,
SD2,637,S,0,F(1),X(1),,,,,,
SD2,638,T,0.001,A(7),I(3),,,,,,
SD2,639,G,0,S(2),V(1),X(2),,,,,
SD2,640,S,0.003,A(3),F(24),X(8),,,,,
SD2,641,N,0,,S(1),X(1),,,,,
SD2,642,V,0.001,,A(1),F(4),G(3),X(6),,,
SD2,643,F,0.001,I(1),L(5),Y(1),,,,,
SD2,644,Q,0,X(2),,,,,,,
SD2,645,T,0,X(1),,,,,,,
SD2,646,R,0,H(1),,,,,,,
SD2,647,A,0.003,S(20),X(3),,,,,,
SD2,648,G,0,X(1),,,,,,,
SD2,649,C,0,F(1),,,,,,,
SD2,650,L,0,,,,,,,,
SD2,651,I,0,X(1),,,,,,,
SD2,652,G,0,X(3),,,,,,,
SD2,653,A,0.003,S(1),V(19),X(3),,,,,
SD2,654,E,0.006,D(25),K(14),Q(5),X(12),,,,
SD2,655,H,0.006,Q(1),R(3),X(54),Y(51),,,,
SD2,656,V,0,X(1),,,,,,,
SD2,657,O,0.001,N(8),S(1),X(3),,,,,
SD2,658,N,0.002,D(8),X(2),Y(8),,,,,
SD2,659,S,0.001,L(3),P(1),X(4),,,,,
SD2,660,Y,0,F(1),X(5),,,,,,
SD2,661,E,0,V(1),X(5),,,,,,
SD2,662,C,0,X(5),,,,,,,
SD2,663,D,0,X(5),,,,,,,
SD2,664,I,0,,M(2),X(1),,,,,
SD2,665,P,0,,X(1),,,,,,
SD2,666,I,0.001,,V(1),X(2),,,,,
SD2,667,G,0.001,,S(1),X(2),,,,,
SD2,668,A,0.001,,S(3),V(2),X(4),,,,
SD2,669,G,0,,X(5),,,,,,
,682,R,0.001,,L(1),Q(3),W(4),X(10),,,
,683,R,0.001,,P(1),Q(2),X(7),,,,
,684,A,0.003,,S(2),T(3),V(13),X(4),,,
,687,V,0.001,I(5),L(1),,,,,,
,688,A,0.007,S(4),V(57),X(9),,,,,
,689,S,0.001,I(7),X(1),,,,,,
,690,Q,0.002,H(6),K(1),L(4),X(1),,,,
,691,S,0.001,F(4),P(3),,,,,,
,692,I,0,F(2),,,,,,,
,693,I,0,X(1),,,,,,,
,694,A,0.001,T(1),V(4),X(5),,,,,
,695,Y,0,X(3),,,,,,,
,696,T,0,,,,,,,,
,697,M,0,I(1),T(2),X(2),,,,,
,698,S,0.007,L(61),X(1),,,,,,
,699,L,0,X(1),,,,,,,
,700,G,0,V(1),X(18),,,,,,
,701,A,0.007,S(10),T(7),V(42),X(1),,,,
,702,E,0.001,Q(7),X(5),,,,,,
,703,N,0,D(1),S(2),X(1),,,,,
,704,S,0.002,L(10),P(1),X(8),,,,,
,705,V,0.001,F(3),I(1),X(3),,,,,
,706,A,0.003,S(6),V(17),X(4),,,,,
,707,Y,0,X(2),,,,,,,
,708,S,0,F(1),,,,,,,
,709,O,0.001,D(1),K(1),N(2),X(1),,,,
,710,N,0,X(1),,,,,,,
,711,S,0,F(1),X(1),,,,,,
,712,I,0,X(1),,,,,,,
,713,A,0,X(3),,,,,,,
,714,I,0.001,L(4),M(1),X(3),,,,,
,715,P,0,S(1),X(5),,,,,,
,716,T,0.003,I(27),X(4),,,,,,
,717,O,0.001,N(7),S(1),T(1),X(1),,,,
,718,F,0,X(1),,,,,,,
,719,T,0.001,A(1),I(5),X(1),,,,,
,720,I,0,V(2),X(2),,,,,,
,721,S,0,G(1),,,,,,,
,722,V,0,I(1),,,,,,,
,723,T,0.001,I(11),,,,,,,
,724,T,0.001,A(1),I(1),K(3),X(1),,,,
,725,E,0,X(3),,,,,,,
,726,I,0,,,,,,,,
,727,L,0,X(4),,,,,,,
,728,P,0,,,,,,,,
,729,V,0,A(1),X(1),,,,,,
,730,S,0,X(1),,,,,,,
,731,M,0.003,I(24),X(3),,,,,,
,732,T,0.001,A(3),I(3),S(1),X(1),,,,
,733,K,0,X(1),,,,,,,
,734,T,0,,,,,,,,
,735,S,0,A(1),L(2),X(3),,,,,
,736,V,0,,,,,,,,
,737,D,0,X(2),,,,,,,
,738,C,0,X(1),,,,,,,
,739,T,0,X(3),,,,,,,
,740,M,0,I(3),X(4),,,,,,
,741,Y,0,X(1),,,,,,,
,742,I,0,X(3),,,,,,,
,743,C,0,X(3),,,,,,,
,744,G,0.001,D(1),S(1),V(3),X(4),,,,
,745,D,0.001,G(5),X(5),,,,,,
,746,S,0,X(2),,,,,,,
,747,T,0.002,A(1),I(16),N(1),X(4),,,,
,748,E,0,K(1),,,,,,,
,749,C,0,,,,,,,,
,750,S,0.001,I(1),N(1),R(1),,,,,
,751,N,0.001,D(2),K(3),X(1),Y(2),,,,
,752,L,0.001,F(1),I(2),R(2),X(4),,,,
,753,L,0,X(13),,,,,,,
,754,L,0,F(2),X(1),,,,,,
,755,Q,0,X(2),,,,,,,
,756,Y,0,X(1),,,,,,,
,757,G,0,X(2),,,,,,,
,758,S,0,X(5),,,,,,,
,759,F,0,X(5),,,,,,,
,760,C,0,X(8),,,,,,,
,761,T,0.001,A(1),I(1),S(1),X(6),,,,
,762,Q,0,X(4),,,,,,,
,763,L,0,V(1),X(3),,,,,,
,764,N,0,X(2),,,,,,,
,765,R,0.005,C(6),H(10),L(17),S(1),X(6),,,
,766,A,0,X(3),,,,,,,
,767,L,0,X(2),,,,,,,
,768,T,0,I(1),X(2),,,,,,
,769,G,0.012,A(4),R(6),V(103),X(6),,,,
,770,I,0.001,V(8),,,,,,,
,771,A,0.003,S(18),T(1),V(5),X(11),,,,
,772,V,0.002,A(1),F(6),I(3),L(1),X(3),,,
,773,E,0,,,,,,,,
,774,Q,0,R(1),,,,,,,
,775,D,0,X(4),,,,,,,
,776,K,0,X(6),,,,,,,
,777,N,0,,,,,,,,
,778,T,0.005,A(2),I(39),N(1),S(1),X(2),,,
,779,Q,0.003,E(1),H(20),K(1),L(1),X(2),,,
,780,E,0.004,A(1),D(7),Q(19),V(1),X(1),,,
,781,V,0,X(4),,,,,,,
,782,F,0,X(3),,,,,,,
,783,A,0.002,S(13),T(1),X(2),,,,,
,784,Q,0,X(6),,,,,,,
,785,V,0.003,A(1),I(21),X(5),,,,,
,786,K,0,X(3),,,,,,,
,787,Q,0.001,H(6),R(2),X(5),,,,,
,788,I,0,M(1),X(3),,,,,,
,789,Y,0,D(1),X(9),,,,,,
,790,K,0,N(1),,,,,,,
,791,T,0.007,A(2),I(16),K(22),P(12),X(2),,,
,792,P,0.001,L(2),T(3),X(1),,,,,
,793,P,0,L(3),X(2),,,,,,
,794,I,0.001,F(3),L(1),X(2),,,,,
,795,K,0,Q(1),X(2),,,,,,
,796,D,0.002,H(3),N(1),X(6),Y(7),,,,
,797,F,0,C(3),X(1),,,,,,
,798,G,0.001,A(1),S(3),X(3),,,,,
,799,G,0,A(1),S(1),X(3),,,,,
,800,F,0,X(2),,,,,,,
,801,O,0,K(1),N(1),X(72),,,,,
,802,F,0,,,,,,,,
,803,S,0,X(1),,,,,,,
,804,Q,0,H(1),K(1),X(1),,,,,
,805,I,0.001,M(2),V(4),X(2),,,,,
,806,L,0,X(2),,,,,,,
,807,P,0,L(2),X(2),,,,,,
,808,D,0.002,E(6),G(2),N(4),V(1),X(2),,,
,809,P,0.003,S(23),X(5),,,,,,
,810,S,0,L(1),X(3),,,,,,
,811,K,0,E(1),X(5),,,,,,
,812,P,0.006,L(37),S(10),T(1),X(10),,,,
,813,S,0.002,G(5),I(7),N(1),X(3),,,,
,814,K,0,E(1),X(2),,,,,,
,815,R,0,X(2),,,,,,,
FP,816,S,0,,,,,,,,
FP,817,F,0,L(1),,,,,,,
FP,818,I,0.001,S(1),V(4),X(1),,,,,
FP,819,E,0,X(1),,,,,,,
FP,820,D,0,G(1),X(2),Y(1),,,,,
FP,821,L,0.001,I(2),Q(1),V(6),X(3),,,,
FP,822,L,0.002,F(12),X(9),,,,,,
FP,823,F,0,X(2),,,,,,,
FP,824,N,0,S(2),T(1),X(5),,,,,
FP,825,K,0.001,R(6),,,,,,,
FP,826,V,0.004,L(32),M(2),X(6),,,,,
FP,827,T,0.001,A(1),I(3),,,,,,
FP,828,L,0,P(1),X(1),,,,,,
,848,D,0.001,G(5),N(1),X(2),,,,,
,849,L,0.001,F(4),P(5),X(1),,,,,
,850,I,0,F(2),X(68),,,,,,
,851,C,0,X(1),,,,,,,
,852,A,0.001,E(1),S(1),T(1),V(3),X(3),,,
,853,Q,0,X(9),,,,,,,
,854,K,0,N(2),R(1),X(7),,,,,
,855,F,0,X(1),,,,,,,
,856,N,0.003,K(3),S(20),X(1),,,,,
,857,G,0,C(1),,,,,,,
,858,L,0.001,F(4),,,,,,,
,859,T,0.006,I(49),S(1),X(5),,,,,
,860,V,0.001,A(1),F(2),Q(1),X(5),,,,
,861,L,0,K(1),,,,,,,
,862,P,0,S(1),,,,,,,
,863,P,0,,,,,,,,
,864,L,0.001,V(9),X(1),,,,,,
,865,L,0,P(2),X(1),,,,,,
,866,T,0,,,,,,,,
,867,D,0,G(3),X(2),,,,,,
,868,E,0,K(1),X(1),,,,,,
,869,M,0,I(2),X(2),,,,,,
,870,I,0.001,S(1),T(3),V(6),X(2),,,,
,871,A,0.001,S(6),V(3),X(9),,,,,
,872,Q,0,X(2),,,,,,,
,873,Y,0,,,,,,,,
,874,T,0,,,,,,,,
,875,S,0,,,,,,,,
,876,A,0,X(1),,,,,,,
,877,L,0,X(1),,,,,,,
,878,L,0,S(1),X(2),,,,,,
,879,A,0.021,S(178),T(25),V(8),X(15),,,,
,880,G,0,S(1),X(1),,,,,,
,881,T,0,I(1),X(2),,,,,,
,882,I,0,X(1),,,,,,,
,883,T,0,X(3),,,,,,,
,884,S,0.001,C(1),F(6),X(12),,,,,
,885,G,0,,,,,,,,
,886,W,0,X(1),,,,,,,
,887,T,0,A(2),,,,,,,
,888,F,0,L(1),X(3),,,,,,
,889,G,0,S(1),X(3),,,,,,
,890,A,0,T(1),,,,,,,
,891,G,0,,,,,,,,
,892,A,0.003,S(20),V(5),X(3),,,,,
,893,A,0.001,E(1),V(4),X(2),,,,,
,894,L,0,,,,,,,,
,895,Q,0,X(3),,,,,,,
,896,I,0,X(1),,,,,,,
,897,P,0,X(2),,,,,,,
,898,F,0,X(2),,,,,,,
,899,A,0.001,S(6),,,,,,,
,900,M,0.002,I(15),X(5),,,,,,
,901,Q,0,,,,,,,,
,902,M,0,V(1),,,,,,,
,903,A,0,S(1),X(1),,,,,,
,904,Y,0,X(1),,,,,,,
,905,R,0,X(2),,,,,,,
,906,F,0,V(1),X(1),,,,,,
,907,N,0,X(1),,,,,,,
HR1,908,G,0,X(1),,,,,,,
HR1,909,I,0,V(1),X(1),,,,,,
HR1,910,G,0,X(8),,,,,,,
HR1,911,V,0,I(1),X(1),,,,,,
HR1,912,T,0,X(2),,,,,,,
HR1,913,Q,0,X(7),,,,,,,
HR1,914,N,0,,,,,,,,
HR1,915,V,0,F(1),I(1),,,,,,
HR1,916,L,0,F(1),X(1),,,,,,
HR1,917,Y,0,H(2),X(1),,,,,,
HR1,918,E,0,V(1),X(1),,,,,,
HR1,919,N,0,X(2),,,,,,,
HR1,920,Q,0,X(7),,,,,,,
HR1,921,K,0,X(1),,,,,,,
HR1,922,L,0.003,F(21),M(1),V(1),X(3),,,,
HR1,923,I,0,X(1),,,,,,,
HR1,924,A,0.001,S(6),V(4),X(6),,,,,
HR1,925,N,0,X(1),Y(1),,,,,,
HR1,926,Q,0,H(2),X(5),,,,,,
HR1,940,S,0.003,F(26),T(1),X(10),,,,,
HR1,941,T,0.001,A(3),I(3),X(2),,,,,
HR1,942,A,0.003,S(16),T(2),V(2),X(4),,,,
HR1,943,S,0.002,I(12),P(5),X(117),,,,,
HR1,944,A,0,,,,,,,,
HR1,945,L,0,I(1),X(3),,,,,,
HR1,946,G,0.001,R(1),V(3),X(4),,,,,
HR1,947,K,0,X(1),,,,,,,
HR1,948,L,0,R(1),,,,,,,
HR1,949,Q,0,R(1),X(1),,,,,,
HR1,950,D,0.001,H(4),N(4),X(3),Y(1),,,,
HR1,951,V,0,X(3),,,,,,,
HR1,952,V,0.001,A(1),F(1),I(1),X(3),,,,
HR1,953,N,0,X(1),,,,,,,
HR1,954,Q,0,K(1),X(1),,,,,,
HR1,955,N,0.001,H(4),X(1),,,,,,
HR1,956,A,0,X(3),,,,,,,
HR1,957,Q,0,R(1),X(2),,,,,,
HR1,958,A,0.001,S(4),X(2),,,,,,
HR1,959,L,0,X(2),,,,,,,
HR1,960,N,0,K(1),X(1),,,,,,
HR1,961,T,0,A(1),M(1),X(2),,,,,
HR1,962,L,0,X(3),,,,,,,
HR1,963,V,0,D(1),F(2),,,,,,
HR1,964,K,0,X(3),,,,,,,
HR1,965,Q,0,X(4),,,,,,,
HR1,966,L,0,X(5),,,,,,,
HR1,967,S,0.001,G(4),R(1),X(3),,,,,
HR1,968,S,0,X(2),,,,,,,
HR1,969,N,0,S(2),X(3),,,,,,
HR1,970,F,0,S(1),X(2),,,,,,
HR1,971,G,0,V(1),X(6),,,,,,
HR1,972,A,0,X(2),,,,,,,
HR1,973,I,0,,,,,,,,
HR1,974,S,0,P(1),X(1),,,,,,
HR1,975,S,0,X(2),,,,,,,
HR1,976,V,0.001,F(6),I(1),X(1),,,,,
HR1,977,L,0,X(2),,,,,,,
HR1,978,N,0,O(1),X(2),,,,,,
HR1,979,D,0,X(1),Y(1),,,,,,
HR1,980,I,0,T(1),,,,,,,
HR1,981,L,0,F(1),P(1),X(2),,,,,
HR1,982,S,0,X(1),,,,,,,
HR1,983,R,0,X(4),,,,,,,
HR1,984,L,0,X(2),,,,,,,
HR1,985,D,0,,,,,,,,
CH,986,K,0.001,I(1),N(1),Q(1),X(3),,,,
CH,987,V,0,F(1),X(2),,,,,,
CH,988,E,0,X(3),,,,,,,
CH,989,A,0,X(2),,,,,,,
CH,990,E,0,A(1),,,,,,,
CH,991,V,0,X(3),,,,,,,
CH,992,Q,0,X(2),,,,,,,
CH,993,I,0,V(1),,,,,,,
CH,994,D,0,E(1),X(2),,,,,,
CH,995,R,0,,,,,,,,
CH,996,L,0,X(2),,,,,,,
CH,997,I,0,T(1),X(1),,,,,,
CH,998,T,0,X(1),,,,,,,
CH,999,G,0,X(6),,,,,,,
CH,1000,R,0,X(2),,,,,,,
CH,1001,L,0,X(1),,,,,,,
CH,1002,Q,0,E(1),L(1),,,,,,
CH,1003,S,0,X(2),,,,,,,
CH,1004,L,0,X(2),,,,,,,
CH,1005,Q,0,H(1),X(1),,,,,,
CH,1006,T,0.001,I(9),,,,,,,
CH,1007,Y,0,,,,,,,,
CH,1008,V,0,X(4),,,,,,,
CH,1009,T,0.001,I(4),X(3),,,,,,
CH,1010,Q,0,,,,,,,,
CH,1011,Q,0,X(2),,,,,,,
CH,1012,L,0,S(1),X(1),,,,,,
CH,1013,I,0,,,,,,,,
CH,1014,R,0,K(2),X(4),,,,,,
CH,1015,A,0,T(1),X(1),,,,,,
CH,1016,A,0,S(1),,,,,,,
CH,1017,E,0,G(1),X(2),,,,,,
CH,1018,I,0,X(1),,,,,,,
CH,1019,R,0,X(1),,,,,,,
CH,1020,A,0.009,D(2),S(23),V(51),X(6),,,,
CH,1021,S,0,F(2),,,,,,,
CH,1022,A,0.001,S(4),X(1),,,,,,
CH,1023,N,0,Y(1),,,,,,,
CH,1024,L,0.001,F(1),P(1),R(1),,,,,
CH,1025,A,0,X(2),,,,,,,
CH,1026,A,0.001,S(6),T(1),X(1),,,,,
CH,1027,T,0.004,I(22),S(7),X(2),,,,,
CH,1028,K,0,,,,,,,,
CH,1029,M,0,V(1),,,,,,,
CH,1030,S,0,L(2),X(2),,,,,,
CH,1031,E,0,X(1),,,,,,,
CH,1032,C,0,X(3),,,,,,,
CH,1033,V,0,A(1),,,,,,,
CH,1034,L,0,X(1),,,,,,,
CH,1035,G,0,V(1),X(2),,,,,,
,1036,Q,0,L(1),X(1),,,,,,
,1037,S,0,P(1),X(1),,,,,,
,1038,K,0,X(1),,,,,,,
,1039,R,0,K(1),T(1),X(1),,,,,
,1040,V,0.001,F(6),,,,,,,
,1041,D,0,X(1),,,,,,,
,1042,F,0,,,,,,,,
,1043,C,0,F(1),S(1),X(1),,,,,
,1044,G,0,X(4),,,,,,,
,1045,K,0.001,E(1),N(5),,,,,,
,1046,G,0,,,,,,,,
,1047,Y,0,X(1),,,,,,,
,1048,H,0,X(1),Y(1),,,,,,
,1049,L,0,I(1),X(4),,,,,,
,1050,M,0,I(1),V(2),X(1),,,,,
,1051,S,0,X(1),,,,,,,
,1052,F,0.001,L(4),X(2),,,,,,
,1053,P,0,T(1),X(1),,,,,,
,1054,Q,0,H(1),,,,,,,
,1055,S,0,L(3),,,,,,,
,1056,A,0,V(2),X(1),,,,,,
,1057,P,0,X(3),,,,,,,
,1058,H,0,L(1),X(3),Y(1),,,,,
,1059,G,0,X(3),,,,,,,
,1060,V,0,I(1),L(1),,,,,,
,1061,V,0,I(1),X(2),,,,,,
,1062,F,0,,,,,,,,
,1063,L,0.002,F(16),X(1),,,,,,
,1064,H,0,,,,,,,,
,1065,V,0,L(2),X(1),,,,,,
,1066,T,0.001,I(1),N(5),X(1),,,,,
,1067,Y,0.001,F(1),K(1),S(1),T(1),,,,
,1068,V,0.005,A(1),F(37),H(3),I(1),X(5),,,
,1069,P,0,S(1),,,,,,,
,1070,A,0.001,S(2),V(3),X(2),,,,,
,1071,Q,0.001,E(1),H(3),L(3),X(5),,,,
,1072,E,0.001,Q(3),V(1),X(4),,,,,
,1073,K,0.011,E(1),N(107),T(1),X(1),,,,
,1074,O,0.002,D(8),H(2),N(2),X(1),,,,
,1075,F,0,,,,,,,,
CD,1076,T,0,A(1),S(1),X(1),,,,,
CD,1077,T,0,A(1),I(1),X(5),,,,,
CD,1078,A,0.014,S(90),T(1),V(37),X(4),,,,
CD,1079,P,0.001,S(4),T(1),X(1),,,,,
CD,1080,A,0,X(2),,,,,,,
CD,1081,I,0,,,,,,,,
CD,1082,C,0,X(1),,,,,,,
CD,1083,H,0.002,Q(14),R(1),X(2),Y(2),,,,
CD,1084,D,0.003,G(1),Y(26),,,,,,
CD,1085,G,0.002,E(2),L(2),R(8),X(3),,,,
CD,1086,K,0,N(1),R(2),X(1),,,,,
CD,1087,A,0.004,S(31),X(4),,,,,,
CD,1088,H,0,,,,,,,,
CD,1089,F,0,X(2),,,,,,,
CD,1090,P,0,X(1),,,,,,,
CD,1091,R,0.002,C(3),H(5),L(7),X(6),,,,
CD,1092,E,0,V(1),X(3),,,,,,
CD,1093,G,0,,,,,,,,
CD,1094,V,0.001,I(4),,,,,,,
CD,1095,F,0,X(1),,,,,,,
CD,1096,V,0,,,,,,,,
CD,1097,S,0,L(2),T(1),,,,,,
CD,1098,O,0,N(1),S(1),X(1),,,,,
CD,1099,G,0.001,C(1),D(3),X(5),,,,,
CD,1100,T,0,K(1),,,,,,,
CD,1101,H,0.003,X(2),Y(28),,,,,,
CD,1102,W,0,L(2),S(1),X(2),,,,,
CD,1103,F,0,L(1),,,,,,,
CD,1104,V,0.004,I(3),L(28),X(4),,,,,
CD,1105,T,0,X(1),,,,,,,
CD,1106,Q,0,X(1),,,,,,,
CD,1107,R,0,X(2),,,,,,,
CD,1108,N,0,X(4),,,,,,,
CD,1109,F,0.001,L(4),X(1),,,,,,
CD,1110,Y,0,X(2),,,,,,,
CD,1111,E,0.001,D(1),Q(3),X(1),,,,,
CD,1112,P,0.001,L(5),Q(1),S(2),T(1),X(2),,,
CD,1113,Q,0,X(2),,,,,,,
CD,1114,I,0.001,T(5),V(2),X(1),,,,,
CD,1115,I,0,L(1),X(1),,,,,,
CD,1116,T,0.001,I(2),N(5),X(2),,,,,
CD,1117,T,0.001,I(8),X(3),,,,,,
CD,1118,D,0.003,V(15),X(5),Y(5),,,,,
CD,1119,N,0,,,,,,,,
CD,1120,T,0.001,I(4),X(3),,,,,,
CD,1121,F,0.01,L(99),X(4),,,,,,
CD,1122,V,0.003,L(26),X(2),,,,,,
CD,1123,S,0,,,,,,,,
CD,1124,G,0.01,C(2),V(88),X(21),,,,,
CD,1125,N,0,,,,,,,,
CD,1126,C,0,,,,,,,,
CD,1127,D,0,X(1),Y(1),,,,,,
CD,1128,V,0,A(1),F(2),,,,,,
CD,1129,V,0.001,A(3),I(3),L(1),,,,,
CD,1130,I,0.001,L(3),M(2),X(1),,,,,
CD,1131,G,0,R(1),X(4),,,,,,
CD,1132,I,0,V(1),X(2),,,,,,
CD,1133,V,0.002,F(17),X(4),,,,,,
CD,1134,O,0.001,H(2),N(4),X(2),,,,,
CD,1135,N,0,I(1),X(1),Y(1),,,,,
CD,1136,T,0.001,I(4),,,,,,,
CD,1137,V,0,X(1),,,,,,,
CD,1138,Y,0,,,,,,,,
CD,1139,D,0.002,H(6),N(1),X(8),Y(6),,,,
CD,1140,P,0,X(3969),,,,,,,
,1141,L,0.002,F(12),X(1),,,,,,
,1142,Q,0,X(1),,,,,,,
,1143,P,0.002,L(10),S(1),X(2),,,,,
,1144,E,0,K(1),Q(2),,,,,,
,1145,L,0,X(1),,,,,,,
,1146,D,0.006,E(1),H(40),N(1),X(5),Y(9),,,
,1147,S,0.001,L(10),X(5),,,,,,
,1148,F,0,X(1),,,,,,,
,1149,K,0.001,M(1),N(2),R(1),X(3),,,,
,1150,E,0.002,D(12),X(1),,,,,,
,1151,E,0,X(2),,,,,,,
,1152,L,0,X(2),,,,,,,
,1153,D,0.001,A(3),H(1),X(3),Y(4),,,,
,1154,K,0,,,,,,,,
,1155,Y,0,,,,,,,,
,1156,F,0,L(3),,,,,,,
,1157,K,0.001,N(3),T(1),X(4),,,,,
,1158,O,0.001,N(4),S(1),X(1),,,,,
,1159,H,0.001,L(1),X(3),Y(7),,,,,
,1160,T,0.001,I(3),K(1),,,,,,
,1161,S,0,P(1),,,,,,,
HR2,1162,P,0.01,A(3),L(56),Q(3),S(21),T(1),X(10),,
HR2,1163,D,0.003,G(2),X(5),Y(23),,,,,
HR2,1164,V,0.001,F(1),I(4),X(2),,,,,
HR2,1165,D,0.002,G(5),X(4),Y(8),,,,,
HR2,1166,L,0,,,,,,,,
HR2,1167,G,0.001,R(1),S(1),V(5),X(1),,,,
HR2,1168,D,0.001,A(1),H(1),V(1),,,,,
HR2,1169,I,0,T(1),X(1),,,,,,
HR2,1170,S,0.001,P(2),T(1),X(1),Y(1),,,,
HR2,1171,G,0.001,S(3),V(3),X(1),,,,,
HR2,1172,I,0.001,V(7),,,,,,,
HR2,1173,O,0.001,K(1),N(3),X(7),,,,,
HR2,1174,A,0,T(1),V(2),X(1),,,,,
HR2,1175,S,0,X(4),,,,,,,
HR2,1176,V,0.014,,F(140),X(1),,,,,
HR2,1177,V,0.001,,L(8),,,,,,
HR2,1178,N,0,,X(2),Y(1),,,,,
HR2,1179,I,0.001,,N(2),V(1),X(1),,,,
HR2,1180,Q,0,,H(1),X(13),,,,,
HR2,1181,K,0.001,,N(1),R(1),X(5),,,,
HR2,1182,E,0.001,,K(1),Q(2),X(1),,,,
HR2,1183,I,0,,X(1),,,,,,
HR2,1184,D,0,N(1),X(2),,,,,,
HR2,1185,R,0.001,H(3),L(1),,,,,,
HR2,1186,L,0,X(1),,,,,,,
HR2,1187,N,0.004,K(1),X(2),Y(29),,,,,
HR2,1188,E,0,A(3),,,,,,,
HR2,1189,V,0,F(1),I(2),,,,,,
HR2,1190,A,0,S(1),X(2),,,,,,
HR2,1191,K,0.004,N(37),X(8),,,,,,
HR2,1192,N,0.001,O(1),S(1),T(1),X(1),,,,
HR2,1193,L,0,X(1),,,,,,,
HR2,1194,O,0.001,N(4),S(1),,,,,,
HR2,1195,E,0.001,D(1),Q(3),X(3),,,,,
HR2,1196,S,0,F(1),X(3),,,,,,
HR2,1197,L,0,,X(1),,,,,,
HR2,1198,I,0,,X(1),,,,,,
HR2,1199,D,0,,X(3),Y(1),,,,,
HR2,1200,L,0.002,F(15),X(2),,,,,,
HR2,1201,Q,0.002,H(7),K(4),X(2),,,,,
HR2,1202,E,0.003,A(1),D(1),K(1),Q(17),V(1),X(1),,
HR2,1203,L,0.002,F(18),X(4),,,,,,
HR2,1204,G,0,V(1),X(1),,,,,,
,1205,K,0.001,N(6),X(7),,,,,,
,1206,Y,0,H(1),X(1),,,,,,
,1207,E,0.001,A(2),D(6),V(1),X(2),,,,
,1208,Q,0.006,H(51),X(3),,,,,,
,1209,Y,0,H(1),X(1),,,,,,
,1210,I,0,T(3),,,,,,,
,1211,K,0,N(1),Q(1),X(1),,,,,
,1212,W,0,X(3),,,,,,,
,1213,P,0,T(1),X(1),,,,,,
TM,1214,W,0,F(2),L(1),X(1368),,,,,
TM,1215,Y,0,X(2),,,,,,,
TM,1216,I,0.001,T(3),V(2),X(2),,,,,
TM,1217,W,0,X(2),,,,,,,
TM,1218,L,0,,,,,,,,
TM,1219,G,0.01,C(52),S(1),V(29),X(7),,,,
TM,1220,F,0,,,,,,,,
TM,1221,I,0,T(2),V(1),,,,,,
TM,1222,A,0,,,,,,,,
TM,1223,G,0,S(1),V(1),,,,,,
TM,1224,L,0,F(1),,,,,,,
TM,1225,I,0,F(1),V(1),X(1),,,,,
TM,1226,A,0,X(2),,,,,,,
TM,1227,I,0,M(1),V(1),X(1),,,,,
TM,1228,V,0.006,L(56),X(8),,,,,,
TM,1229,M,0.007,I(63),T(3),X(4),,,,,
TM,1230,V,0.001,E(1),L(4),X(2),,,,,
TM,1231,T,0.001,A(5),I(1),X(1),,,,,
TM,1232,I,0,V(2),,,,,,,
TM,1233,M,0,I(2),V(1),X(3),,,,,
TM,1234,L,0,X(3),,,,,,,
TM,1235,C,0.001,F(9),X(4),,,,,,
TM,1236,C,0,F(3),,,,,,,
,1237,M,0.007,I(32),T(26),V(1),X(7),,,,
,1238,T,0.005,I(46),X(1),,,,,,
,1239,S,0,I(1),T(2),X(1),,,,,
,1240,C,0.001,F(1),S(1),Y(1),,,,,
,1241,C,0,F(1),,,,,,,
,1242,S,0.001,C(1),I(4),X(4),,,,,
,1243,C,0.002,F(14),X(6),,,,,,
,1244,L,0.001,F(5),P(1),X(2),,,,,
,1245,K,0.001,N(5),R(1),X(2),,,,,
,1246,G,0.001,A(1),S(5),V(1),X(5),,,,
,1247,C,0.004,F(19),G(2),S(1),X(3),Y(6),,,
,1248,C,0.001,F(2),R(1),S(6),,,,,
,1249,S,0.001,X(2),Y(7),,,,,,
,1250,C,0.002,F(11),X(3),Y(2),,,,,
,1251,G,0.004,R(5),V(24),X(1),,,,,
,1252,S,0.008,F(14),P(57),X(3),Y(1),,,,
,1253,C,0,F(1),G(1),X(1),,,,,
,1264,V,0.002,L(13),X(7),,,,,,
,1265,L,0.001,F(1),P(2),R(1),X(3),,,,
,1266,K,0,R(2),X(2),,,,,,
,1267,G,0,R(1),V(1),X(2),,,,,
,1268,V,0,F(1),I(2),,,,,,
,1269,K,0,,,,,,,,
,1270,L,0,,,,,,,,
,1271,H,0,,,,,,,,
,1272,Y,0,,,,,,,,
,1273,T,0.001,I(6),S(1),X(8),,,,,
,1274,X,0,,,,,,,,
